insert into ROLES (ID, NAME) values ( 0, 'ROLE_ADMIN' );
insert into ROLES (ID, NAME) values ( 1, 'ROLE_USER' );
insert into ROLES (ID, NAME) values ( 2, 'ROLE_MODERATOR' );

insert into PLAYER_RACE (ID, NAME) values ( 0, 'ORC' );
insert into PLAYER_RACE (ID, NAME) values ( 1, 'UNDEAD' );
insert into PLAYER_RACE (ID, NAME) values ( 2, 'BLOODELF' );
insert into PLAYER_RACE (ID, NAME) values ( 3, 'TROLL' );
insert into PLAYER_RACE (ID, NAME) values ( 4, 'TAUREN' );
insert into PLAYER_RACE (ID, NAME) values ( 5, 'DRAENEI' );
insert into PLAYER_RACE (ID, NAME) values ( 6, 'GNOME' );
insert into PLAYER_RACE (ID, NAME) values ( 7, 'DWARF' );
insert into PLAYER_RACE (ID, NAME) values ( 8, 'HUMAN' );
insert into PLAYER_RACE (ID, NAME) values ( 9, 'NIGHTELF' );

insert into PLAYER_CLASS (ID, NAME) values ( 0, 'DRUID' );
insert into PLAYER_CLASS (ID, NAME) values ( 1, 'ROGUE' );
insert into PLAYER_CLASS (ID, NAME) values ( 2, 'WARLOCK' );
insert into PLAYER_CLASS (ID, NAME) values ( 3, 'MAGE' );
insert into PLAYER_CLASS (ID, NAME) values ( 4, 'WARRIOR' );
insert into PLAYER_CLASS (ID, NAME) values ( 5, 'PRIEST' );
insert into PLAYER_CLASS (ID, NAME) values ( 6, 'HUNTER' );
insert into PLAYER_CLASS (ID, NAME) values ( 7, 'SHAMAN' );
insert into PLAYER_CLASS (ID, NAME) values ( 8, 'PALADIN' );

insert into RACE_CLASS_COMBINATION (ID, PLAYER_RACE_ID, PLAYER_CLASS_ID) values ( 0, 0, 1);
insert into RACE_CLASS_COMBINATION (ID, PLAYER_RACE_ID, PLAYER_CLASS_ID) values ( 1, 0, 2);
insert into RACE_CLASS_COMBINATION (ID, PLAYER_RACE_ID, PLAYER_CLASS_ID) values ( 2, 0, 4);
insert into RACE_CLASS_COMBINATION (ID, PLAYER_RACE_ID, PLAYER_CLASS_ID) values ( 3, 0, 6);
insert into RACE_CLASS_COMBINATION (ID, PLAYER_RACE_ID, PLAYER_CLASS_ID) values ( 4, 0, 7);
insert into RACE_CLASS_COMBINATION (ID, PLAYER_RACE_ID, PLAYER_CLASS_ID) values ( 5, 1, 1);
insert into RACE_CLASS_COMBINATION (ID, PLAYER_RACE_ID, PLAYER_CLASS_ID) values ( 6, 1, 2);
insert into RACE_CLASS_COMBINATION (ID, PLAYER_RACE_ID, PLAYER_CLASS_ID) values ( 7, 1, 3);
insert into RACE_CLASS_COMBINATION (ID, PLAYER_RACE_ID, PLAYER_CLASS_ID) values ( 8, 1, 4);
insert into RACE_CLASS_COMBINATION (ID, PLAYER_RACE_ID, PLAYER_CLASS_ID) values ( 9, 1, 5);
insert into RACE_CLASS_COMBINATION (ID, PLAYER_RACE_ID, PLAYER_CLASS_ID) values ( 10, 2, 1);
insert into RACE_CLASS_COMBINATION (ID, PLAYER_RACE_ID, PLAYER_CLASS_ID) values ( 11, 2, 2);
insert into RACE_CLASS_COMBINATION (ID, PLAYER_RACE_ID, PLAYER_CLASS_ID) values ( 12, 2, 3);
insert into RACE_CLASS_COMBINATION (ID, PLAYER_RACE_ID, PLAYER_CLASS_ID) values ( 13, 2, 5);
insert into RACE_CLASS_COMBINATION (ID, PLAYER_RACE_ID, PLAYER_CLASS_ID) values ( 14, 2, 6);
insert into RACE_CLASS_COMBINATION (ID, PLAYER_RACE_ID, PLAYER_CLASS_ID) values ( 15, 2, 8);
insert into RACE_CLASS_COMBINATION (ID, PLAYER_RACE_ID, PLAYER_CLASS_ID) values ( 16, 3, 1);
insert into RACE_CLASS_COMBINATION (ID, PLAYER_RACE_ID, PLAYER_CLASS_ID) values ( 17, 3, 3);
insert into RACE_CLASS_COMBINATION (ID, PLAYER_RACE_ID, PLAYER_CLASS_ID) values ( 18, 3, 4);
insert into RACE_CLASS_COMBINATION (ID, PLAYER_RACE_ID, PLAYER_CLASS_ID) values ( 19, 3, 5);
insert into RACE_CLASS_COMBINATION (ID, PLAYER_RACE_ID, PLAYER_CLASS_ID) values ( 20, 3, 6);
insert into RACE_CLASS_COMBINATION (ID, PLAYER_RACE_ID, PLAYER_CLASS_ID) values ( 21, 3, 7);
insert into RACE_CLASS_COMBINATION (ID, PLAYER_RACE_ID, PLAYER_CLASS_ID) values ( 22, 4, 0);
insert into RACE_CLASS_COMBINATION (ID, PLAYER_RACE_ID, PLAYER_CLASS_ID) values ( 23, 4, 4);
insert into RACE_CLASS_COMBINATION (ID, PLAYER_RACE_ID, PLAYER_CLASS_ID) values ( 24, 4, 6);
insert into RACE_CLASS_COMBINATION (ID, PLAYER_RACE_ID, PLAYER_CLASS_ID) values ( 25, 4, 7);
insert into RACE_CLASS_COMBINATION (ID, PLAYER_RACE_ID, PLAYER_CLASS_ID) values ( 26, 5, 3);
insert into RACE_CLASS_COMBINATION (ID, PLAYER_RACE_ID, PLAYER_CLASS_ID) values ( 27, 5, 4);
insert into RACE_CLASS_COMBINATION (ID, PLAYER_RACE_ID, PLAYER_CLASS_ID) values ( 28, 5, 5);
insert into RACE_CLASS_COMBINATION (ID, PLAYER_RACE_ID, PLAYER_CLASS_ID) values ( 29, 5, 6);
insert into RACE_CLASS_COMBINATION (ID, PLAYER_RACE_ID, PLAYER_CLASS_ID) values ( 30, 5, 7);
insert into RACE_CLASS_COMBINATION (ID, PLAYER_RACE_ID, PLAYER_CLASS_ID) values ( 31, 5, 8);
insert into RACE_CLASS_COMBINATION (ID, PLAYER_RACE_ID, PLAYER_CLASS_ID) values ( 32, 6, 1);
insert into RACE_CLASS_COMBINATION (ID, PLAYER_RACE_ID, PLAYER_CLASS_ID) values ( 33, 6, 2);
insert into RACE_CLASS_COMBINATION (ID, PLAYER_RACE_ID, PLAYER_CLASS_ID) values ( 34, 6, 3);
insert into RACE_CLASS_COMBINATION (ID, PLAYER_RACE_ID, PLAYER_CLASS_ID) values ( 35, 7, 1);
insert into RACE_CLASS_COMBINATION (ID, PLAYER_RACE_ID, PLAYER_CLASS_ID) values ( 36, 7, 4);
insert into RACE_CLASS_COMBINATION (ID, PLAYER_RACE_ID, PLAYER_CLASS_ID) values ( 37, 7, 5);
insert into RACE_CLASS_COMBINATION (ID, PLAYER_RACE_ID, PLAYER_CLASS_ID) values ( 38, 7, 6);
insert into RACE_CLASS_COMBINATION (ID, PLAYER_RACE_ID, PLAYER_CLASS_ID) values ( 39, 7, 8);
insert into RACE_CLASS_COMBINATION (ID, PLAYER_RACE_ID, PLAYER_CLASS_ID) values ( 40, 8, 1);
insert into RACE_CLASS_COMBINATION (ID, PLAYER_RACE_ID, PLAYER_CLASS_ID) values ( 41, 8, 2);
insert into RACE_CLASS_COMBINATION (ID, PLAYER_RACE_ID, PLAYER_CLASS_ID) values ( 42, 8, 3);
insert into RACE_CLASS_COMBINATION (ID, PLAYER_RACE_ID, PLAYER_CLASS_ID) values ( 43, 8, 4);
insert into RACE_CLASS_COMBINATION (ID, PLAYER_RACE_ID, PLAYER_CLASS_ID) values ( 44, 8, 5);
insert into RACE_CLASS_COMBINATION (ID, PLAYER_RACE_ID, PLAYER_CLASS_ID) values ( 45, 8, 8);
insert into RACE_CLASS_COMBINATION (ID, PLAYER_RACE_ID, PLAYER_CLASS_ID) values ( 46, 9, 0);
insert into RACE_CLASS_COMBINATION (ID, PLAYER_RACE_ID, PLAYER_CLASS_ID) values ( 47, 9, 1);
insert into RACE_CLASS_COMBINATION (ID, PLAYER_RACE_ID, PLAYER_CLASS_ID) values ( 48, 9, 4);
insert into RACE_CLASS_COMBINATION (ID, PLAYER_RACE_ID, PLAYER_CLASS_ID) values ( 49, 9, 5);
insert into RACE_CLASS_COMBINATION (ID, PLAYER_RACE_ID, PLAYER_CLASS_ID) values ( 50, 9, 6);